hg19_pos,new_beta
chr12:68087808-68087810,0.097306
chr1:155099962-155099964,-0.2043
chr12:113357208-113357210,-0.18656
chr1:244532145-244532147,-0.045455
chr1:67689902-67689904,1.2624
chr10:112408980-112408982,-0.05346
chr12:68045454-68045456,-0.090546
chr1:39279036-39279038,-0.14501
chr1:7235624-7235626,0.39029
chr12:42641596-42641598,-0.0957
chr11:88579630-88579632,0.11664
chr1:228412105-228412107,-0.076222
chr11:120754722-120754724,0.28878
chr16:54551801-54551803,0.12673
chr16:56137372-56137374,0.13151
chr17:43777541-43777543,0.10939
chr16:56145517-56145519,-0.12837
chr17:43747676-43747678,-0.10879
chr17:43775545-43775547,-0.10941
chr15:79766793-79766795,-0.16395
chr17:43759425-43759427,-0.10869
chr17:43768346-43768348,0.10439
chr16:3163137-3163139,0.24456
chr17:43725211-43725213,0.10872
chr16:56248300-56248302,0.12882
chr17:40380202-40380204,0.46428
chr17:43871981-43871983,0.10764
chr17:43854339-43854341,-0.10661
chr17:43799047-43799049,-0.10787
chr17:43899726-43899728,-0.10487
chr17:43910087-43910089,0.10543
chr17:43805524-43805526,0.10722
chr17:43840106-43840108,-0.10678
chr17:43782303-43782305,-0.10717
chr17:43845001-43845003,0.10685
chr17:43790445-43790447,-0.10588
chr17:43852620-43852622,0.10625
chr17:43903088-43903090,0.10621
chr17:43815858-43815860,-0.10738
chr17:44022576-44022578,0.10565
chr17:43973898-43973900,0.10537
chr17:43999099-43999101,-0.10976
chr17:43947927-43947929,-0.10527
chr17:44002968-44002970,0.10809
chr17:43971784-43971786,-0.1056
chr17:44021698-44021700,0.10349
chr17:44012462-44012464,-0.10964
chr17:43936010-43936012,-0.10523
chr17:43924802-43924804,0.10474
chr17:43994385-43994387,0.10462
chr17:43989897-43989899,-0.10734
chr17:43975414-43975416,-0.10537
chr17:43946222-43946224,-0.10284
chr17:43940020-43940022,0.10884
chr17:43997371-43997373,0.10462
chr17:44014136-44014138,-0.10574
chr17:44001227-44001229,0.10751
chr17:43982285-43982287,0.10501
chr17:44090338-44090340,0.10881
chr17:44111612-44111614,0.10945
chr17:44061035-44061037,0.10945
chr17:44044219-44044221,-0.10925
chr17:44063562-44063564,0.11327
chr17:44088936-44088938,0.10623
chr17:44050281-44050283,0.10904
chr17:44039042-44039044,0.10904
chr17:44142662-44142664,0.11328
chr17:44122483-44122485,0.11417
chr17:44075534-44075536,-0.10972
chr17:44099081-44099083,-0.10955
chr17:44091091-44091093,-0.10891
chr17:44231325-44231327,0.11804
chr17:44179968-44179970,0.11258
chr17:44212781-44212783,-0.11498
chr17:44240985-44240987,0.1195
chr17:44265838-44265840,0.15967
chr17:44205499-44205501,0.11259
chr17:44244580-44244582,-0.11407
chr17:44216157-44216159,0.12228
chr17:44181932-44181934,0.11307
chr17:44236724-44236726,0.11703
chr21:33622323-33622325,0.16924
chr20:23334376-23334378,0.51485
chr21:34609504-34609506,0.16597
chr2:126514240-126514242,-0.14775
chr21:34602933-34602935,0.1747
chr2:170273126-170273128,-0.13986
chr17:44350918-44350920,0.11961
chr17:71768877-71768879,0.12226
chr21:34622535-34622537,-0.16744
chr18:59814176-59814178,0.19673
chr17:44856931-44856933,0.10071
chr21:34617949-34617951,-0.19705
chr19:4684641-4684643,0.16074
chr17:62540689-62540691,0.23037
chr19:8203327-8203329,-0.066457
chr19:49334990-49334992,-0.056844
chr2:49814008-49814010,0.65196
chr18:60847261-60847263,0.097607
chr2:126509311-126509313,0.14694
chr3:45968042-45968044,0.42291
chr21:35321311-35321313,-0.11482
chr3:46010006-46010008,-0.41669
chr3:45899650-45899652,0.63022
chr3:45928768-45928770,0.3785
chr3:46151557-46151559,0.57888
chr21:35334565-35334567,0.11293
chr3:46141843-46141845,0.38445
chr3:46059483-46059485,-0.39555
chr3:46000869-46000871,-0.42089
chr3:46391647-46391649,0.26959
chr3:46333405-46333407,0.090468
chr3:46450296-46450298,0.15548
chr3:117471597-117471599,-0.17269
chr3:46274765-46274767,0.29519
chr3:101373304-101373306,-0.061818
chr3:101513681-101513683,-0.059761
chr3:46250373-46250375,-0.24802
chr3:101386917-101386919,0.059774
chr3:46267874-46267876,0.20214
chr3:46312952-46312954,-0.28351
chr3:46265311-46265313,-0.18977
chr3:101397876-101397878,-0.059953
chr3:51936948-51936950,0.12676
chr3:46271453-46271455,-0.20044
chr9:117579456-117579458,-0.13359
chr4:59925644-59925646,0.15976
chr7:50712758-50712760,-0.1469
chr8:125336563-125336565,0.30371
chr3:169082985-169082987,0.1844
chr8:26826880-26826882,0.18513
chr8:22434726-22434728,-0.20326
chr4:122926251-122926253,0.10583
chr6:31118941-31118943,-0.10084
chr3:197144236-197144238,0.22153
chr8:29319770-29319772,-0.17994
chr5:127846545-127846547,-0.29543
chr8:80605598-80605600,0.1102
chr8:59909746-59909748,-0.20335
chr4:122906898-122906900,0.10573
chr5:13935490-13935492,-0.041773
chr8:8730487-8730489,-0.1858
chr7:78111332-78111334,-0.090353
chr6:38858036-38858038,-0.51262
chr12:68050196-68050198,0.086045
chr11:88580455-88580457,-0.11122
chr11:88591888-88591890,0.11747
chr1:188501746-188501748,0.528
chr12:113361173-113361175,0.17842
chr1:112216960-112216962,0.16416
chr1:185230849-185230851,-0.039821
chr1:61298260-61298262,0.11004
chr1:67773669-67773671,1.0365
chr1:155105881-155105883,-0.076762
chr1:3744125-3744127,-0.13289
chr17:43729431-43729433,0.10873
chr16:3165424-3165426,-0.19305
chr17:40383023-40383025,0.46553
chr13:113534983-113534985,-0.15211
chr12:114993427-114993429,0.20812
chr16:56121879-56121881,0.13272
chr17:43759430-43759432,-0.10462
chr15:49452501-49452503,-0.12382
chr17:43762593-43762595,0.10568
chr15:92449425-92449427,0.043559
chr17:43827470-43827472,-0.10649
chr17:43845040-43845042,0.10667
chr17:43807641-43807643,-0.11932
chr17:43799051-43799053,-0.10837
chr17:43848411-43848413,0.11084
chr17:43833980-43833982,-0.10666
chr17:43830937-43830939,-0.10991
chr17:43910182-43910184,-0.10555
chr17:43801592-43801594,0.11777
chr17:43918650-43918652,0.10829
chr17:43849786-43849788,-0.10794
chr17:43903105-43903107,-0.11365
chr17:43899735-43899737,0.1049
chr17:43840680-43840682,0.10793
chr17:44014262-44014264,0.1057
chr17:43997498-43997500,0.10435
chr17:43923933-43923935,-0.10573
chr17:43978294-43978296,0.10529
chr17:44021716-44021718,0.10311
chr17:44003396-44003398,-0.10801
chr17:43948039-43948041,0.10522
chr17:44012914-44012916,0.10852
chr17:43940187-43940189,-0.10543
chr17:43982902-43982904,0.10599
chr17:44033001-44033003,0.10561
chr17:44025032-44025034,0.10446
chr17:44142878-44142880,0.11242
chr17:44071673-44071675,-0.10958
chr17:44103825-44103827,0.10766
chr17:44115885-44115887,0.11291
chr17:44022592-44022594,0.10568
chr17:44026489-44026491,0.11014
chr17:44044430-44044432,0.10941
chr17:44109187-44109189,-0.11471
chr17:44068111-44068113,0.10716
chr17:44122625-44122627,-0.11767
chr17:44079566-44079568,0.11008
chr17:44266021-44266023,0.11456
chr17:44237067-44237069,0.11787
chr17:44282006-44282008,-0.12169
chr17:44228168-44228170,0.097701
chr17:44179991-44179993,-0.11227
chr17:44197805-44197807,-0.1141
chr17:44165802-44165804,-0.11317
chr17:44151666-44151668,-0.1127
chr17:44278741-44278743,-0.11493
chr17:44193096-44193098,0.11404
chr17:44302880-44302882,-0.11184
chr18:59814889-59814891,0.19682
chr19:4685275-4685277,0.16132
chr2:126470584-126470586,0.16272
chr17:44351284-44351286,-0.12206
chr17:44819564-44819566,-0.11387
chr2:166910676-166910678,-0.099212
chr17:62551441-62551443,0.24185
chr2:103834668-103834670,0.38894
chr2:37895783-37895785,-0.088134
chr17:44859143-44859145,0.10313
chr21:34618042-34618044,0.19472
chr18:60878882-60878884,0.11021
chr21:34614249-34614251,-0.23911
chr2:176685498-176685500,-0.088702
chr19:39104449-39104451,0.48566
chr21:34603248-34603250,0.17583
chr19:50882618-50882620,0.11538
chr17:47937461-47937463,-0.52965
chr3:46180415-46180417,-0.28531
chr3:46174394-46174396,-0.10735
chr3:46001062-46001064,-0.11864
chr3:46006268-46006270,0.41619
chr3:46061217-46061219,0.40676
chr3:46011435-46011437,-0.41925
chr21:34632315-34632317,0.17846
chr3:45867439-45867441,0.62287
chr3:45900633-45900635,0.56203
chr3:45970390-45970392,0.42484
chr21:36380121-36380123,-0.12939
chr3:46067506-46067508,0.40662
chr21:35343933-35343935,-0.10814
chr3:46016598-46016600,-0.088397
chr3:46573674-46573676,0.32467
chr3:69652765-69652767,-0.050597
chr3:101392269-101392271,-0.060246
chr3:46274885-46274887,-0.29545
chr3:46313333-46313335,-0.26348
chr3:46265534-46265536,-0.24135
chr3:46268012-46268014,0.30747
chr3:101306506-101306508,-0.066513
chr3:46435291-46435293,-0.1522
chr3:46402733-46402735,0.26859
chr5:18773726-18773728,-0.19201
chr3:169083548-169083550,0.18259
chr3:145506121-145506123,0.07885
chr9:117580913-117580915,-0.12904
chr8:80608818-80608820,-0.13217
chr5:17191270-17191272,-0.15099
chr4:122913110-122913112,0.10522
chr7:107607901-107607903,0.23662
chr3:169040193-169040195,0.18265
chr5:173955314-173955316,1.0913
chr8:22436680-22436682,0.19928
chr5:127816861-127816863,-0.3045
chr4:122926512-122926514,-0.10313
chr3:197144808-197144810,-0.2231
chr9:23552173-23552175,-0.61754
chr6:40503988-40503990,0.1267
chr3:117473976-117473978,0.17315
chr9:136314491-136314493,-0.092273
chr9:136184797-136184799,0.098951
chr11:129894919-129894921,-0.12165
chr1:230449942-230449944,-0.064558
chr1:188506217-188506219,0.51597
chr1:151341569-151341571,-0.47438
chr12:113361236-113361238,-0.1743
chr1:61298469-61298471,0.10916
chr1:2333030-2333032,-0.11668
chr1:247803637-247803639,-0.20398
chr1:71965064-71965066,-0.04517
chr15:95782719-95782721,-0.13432
chr17:43519759-43519761,-0.21392
chr16:56161560-56161562,0.1295
chr17:43776060-43776062,-0.11179
chr17:43711538-43711540,0.10856
chr14:43470035-43470037,-0.2626
chr13:71866076-71866078,-0.1887
chr17:43767187-43767189,0.11575
chr13:28572347-28572349,-0.2561
chr16:54553154-54553156,0.12683
chr16:56250454-56250456,0.12891
chr17:43806014-43806016,-0.10428
chr17:43788781-43788783,-0.10873
chr17:43836919-43836921,-0.10644
chr17:43813251-43813253,-0.10738
chr17:43786697-43786699,-0.10834
chr17:43899785-43899787,-0.10489
chr17:43893715-43893717,-0.10204
chr17:43854535-43854537,-0.10678
chr17:43898886-43898888,0.10581
chr17:43799508-43799510,0.10958
chr17:43792090-43792092,-0.11216
chr17:43903297-43903299,-0.10624
chr17:43831111-43831113,0.10997
chr17:43798159-43798161,-0.10627
chr17:43782491-43782493,0.10728
chr17:43811791-43811793,-0.10693
chr17:43824200-43824202,-0.10729
chr17:43838677-43838679,0.10736
chr17:43844043-43844045,-0.10731
chr17:43792974-43792976,0.10838
chr17:43879307-43879309,0.10688
chr17:43994622-43994624,0.10392
chr17:43937735-43937737,0.10547
chr17:43990040-43990042,-0.10471
chr17:43997519-43997521,0.10428
chr17:44021743-44021745,-0.10416
chr17:43925604-43925606,0.10655
chr17:43976063-43976065,-0.10533
chr17:44019642-44019644,0.10652
chr17:43978305-43978307,-0.11452
chr17:43948158-43948160,0.10529
chr17:44011017-44011019,-0.10827
chr17:43953990-43953992,0.10509
chr17:43982960-43982962,0.1052
chr17:44014383-44014385,0.10563
chr17:44055646-44055648,-0.10703
chr17:44143028-44143030,0.1075
chr17:44025044-44025046,-0.10444
chr17:44129252-44129254,0.11151
chr17:44022631-44022633,0.10532
chr17:44031539-44031541,0.10626
chr17:44126217-44126219,0.11184
chr17:44104342-44104344,0.10928
chr17:44090535-44090537,-0.11155
chr17:44276329-44276331,-0.11528
chr17:44191084-44191086,0.11266
chr17:44159554-44159556,-0.11285
chr17:44213711-44213713,-0.11741
chr17:44225484-44225486,0.11726
chr17:44147720-44147722,0.11401
chr17:44254412-44254414,0.11412
chr17:44150151-44150153,0.11295
chr17:44161145-44161147,-0.11724
chr17:44151696-44151698,0.11283
chr17:44228528-44228530,0.11751
chr17:44205838-44205840,-0.1097
chr17:44258421-44258423,0.11476
chr17:44248768-44248770,-0.11593
chr17:44180172-44180174,0.11329
chr19:49302285-49302287,0.059018
chr18:35156536-35156538,-0.086491
chr19:39107240-39107242,0.46924
chr20:46100592-46100594,-0.30284
chr21:34609943-34609945,0.17686
chr2:126473491-126473493,-0.17152
chr17:44859147-44859149,0.10345
chr21:34603879-34603881,-0.13017
chr17:62611295-62611297,0.23618
chr21:34618284-34618286,-0.16684
chr17:44822661-44822663,-0.10275
chr17:44347217-44347219,-0.11739
chr17:44353692-44353694,-0.11849
chr2:166918292-166918294,-0.10276
chr19:10477066-10477068,0.16211
chr19:4717671-4717673,0.24486
chr3:46012278-46012280,-0.4226
chr3:45970943-45970945,-0.35193
chr3:46183559-46183561,-0.26442
chr3:45871907-45871909,0.62413
chr3:45985346-45985348,0.39753
chr21:34624916-34624918,0.19516
chr3:46142463-46142465,-0.4032
chr3:46018276-46018278,-0.10979
chr3:46001226-46001228,-0.41428
chr21:35344478-35344480,-0.14075
chr3:46006340-46006342,0.41822
chr3:45901088-45901090,0.63105
chr3:46131224-46131226,0.4024
chr3:46061303-46061305,-0.39568
chr3:101399125-101399127,0.06
chr3:100819632-100819634,-0.052584
chr3:46268078-46268080,-0.25016
chr3:46436955-46436957,0.1568
chr3:46651985-46651987,0.35624
chr3:46353198-46353200,-0.27318
chr3:46327511-46327513,0.28203
chr3:101532234-101532236,-0.060246
chr3:46265579-46265581,-0.25091
chr3:69661408-69661410,-0.054324
chr3:101374225-101374227,-0.060298
chr3:46392130-46392132,0.26897
chr3:117474383-117474385,0.14734
chr4:122916914-122916916,0.10623
chr5:13935682-13935684,-0.041298
chr6:31121231-31121233,0.29453
chr5:116150203-116150205,-0.14064
chr4:122927140-122927142,-0.10414
chr6:41497034-41497036,0.13555
chr3:169053263-169053265,0.18443
chr8:10253110-10253112,0.22654
chr8:59913421-59913423,0.20212
chr8:29287016-29287018,-0.20382
chr6:1392091-1392093,-0.21004
chr5:17192097-17192099,0.1488
chr5:17191272-17191274,0.15228
chr8:22437140-22437142,0.20396
chr3:169086026-169086028,0.18295
chr12:68072164-68072166,0.082386
chr1:188506503-188506505,0.52676
chr10:44340071-44340073,0.44701
chr1:214118241-214118243,-0.10774
chr10:121385921-121385923,0.1762
chr1:154810015-154810017,0.047519
chr11:28409893-28409895,0.34496
chr1:2335675-2335677,0.1117
chr1:7200751-7200753,-0.23182
chr12:68095306-68095308,0.10209
chr11:88586534-88586536,0.11277
chr1:237405945-237405947,-0.49907
chr11:130735690-130735692,0.092794
chr12:103014756-103014758,0.23948
chr17:43758381-43758383,0.10755
chr13:75127331-75127333,-0.32759
chr13:113540424-113540426,0.19627
chr16:56138425-56138427,0.13419
chr17:43725991-43725993,-0.10897
chr17:43776241-43776243,-0.10936
chr13:34898513-34898515,0.12253
chr16:55963016-55963018,0.082517
chr16:56251069-56251071,0.12931
chr17:43723188-43723190,-0.10881
chr15:100774020-100774022,0.27429
chr15:26560191-26560193,0.11426
chr12:113425153-113425155,-0.17204
chr17:43754098-43754100,-0.10879
chr17:43840898-43840900,0.10742
chr17:43910506-43910508,-0.10533
chr17:43916931-43916933,0.10583
chr17:43828220-43828222,-0.10643
chr17:43837090-43837092,-0.10726
chr17:43902521-43902523,-0.10568
chr17:43832114-43832116,-0.10987
chr17:43881789-43881791,0.10728
chr17:43844200-43844202,0.10729
chr17:43850518-43850520,-0.10749
chr17:43787129-43787131,0.10865
chr17:43793199-43793201,0.10618
chr17:43806263-43806265,0.10742
chr17:43914553-43914555,-0.10549
chr17:43954133-43954135,-0.10512
chr17:43992455-43992457,-0.10453
chr17:43987800-43987802,-0.10222
chr17:43924129-43924131,0.10519
chr17:43994647-43994649,0.10316
chr17:44022042-44022044,0.10574
chr17:43974353-43974355,0.11203
chr17:43990071-43990073,0.10463
chr17:43983158-43983160,0.10502
chr17:43978307-43978309,0.11006
chr17:44123247-44123249,-0.11145
chr17:44109768-44109770,0.10667
chr17:44052732-44052734,0.10929
chr17:44028706-44028708,0.10602
chr17:44058715-44058717,0.11566
chr17:44089689-44089691,0.10634
chr17:44095660-44095662,-0.10913
chr17:44099808-44099810,-0.10945
chr17:44025272-44025274,-0.10578
chr17:44116311-44116313,0.10915
chr17:44044822-44044824,0.10948
chr17:44194151-44194153,-0.11296
chr17:44251906-44251908,0.12088
chr17:44148266-44148268,0.11289
chr17:44159630-44159632,-0.11305
chr17:44269545-44269547,-0.1145
chr17:44203365-44203367,-0.1133
chr17:44206078-44206080,-0.11017
chr17:44177992-44177994,0.11233
chr17:44152389-44152391,0.11282
chr20:23322327-23322329,-0.52268
chr17:44347637-44347639,-0.11699
chr2:126544894-126544896,0.15045
chr2:126476242-126476244,-0.16935
chr17:68741824-68741826,0.29414
chr18:59820819-59820821,0.24496
chr21:34604556-34604558,0.17696
chr17:44790202-44790204,-0.10136
chr2:181815637-181815639,0.43091
chr2:126512429-126512431,-0.15013
chr2:240685454-240685456,0.17406
chr17:44351532-44351534,0.11745
chr18:69086724-69086726,-0.34594
chr17:44343303-44343305,0.11814
chr19:4686987-4686989,0.23278
chr19:49302322-49302324,-0.058431
chr21:35323835-35323837,-0.10801
chr3:45974091-45974093,0.42473
chr3:45902494-45902496,0.099882
chr3:45916221-45916223,-0.19173
chr3:46035096-46035098,0.42141
chr3:45989043-45989045,-0.1249
chr21:35346304-35346306,-0.13813
chr3:46143186-46143188,0.3286
chr3:46018343-46018345,0.42401
chr3:46007487-46007489,-0.41666
chr3:46327587-46327589,-0.0902
chr3:101146361-101146363,-0.064845
chr3:46437399-46437401,0.15675
chr3:101399259-101399261,0.059658
chr3:46330871-46330873,0.089882
chr3:101532447-101532449,-0.060084
chr3:46335668-46335670,-0.090449
chr3:101519020-101519022,-0.059842
chr3:46403467-46403469,0.26918
chr3:46480800-46480802,-0.12625
chr7:139666053-139666055,-0.19344
chr8:26827763-26827765,0.20288
chr8:122826341-122826343,-0.12913
chr4:122917061-122917063,0.10472
chr6:41502682-41502684,0.22289
chr3:117475050-117475052,0.17157
chr5:17191485-17191487,-0.16157
chr8:59915636-59915638,-0.20529
chr7:36438708-36438710,0.12532
chr5:118875402-118875404,0.34138
chr8:80612713-80612715,0.12932
chr3:169054255-169054257,0.18069
chr8:29321471-29321473,-0.19557
chr1:188506788-188506790,0.52498
chr1:7203795-7203797,-0.32836
chr11:1068701-1068703,-0.085778
chr1:9690475-9690477,0.21065
chr12:108588926-108588928,0.14225
chr1:239916014-239916016,0.23248
chr12:68073920-68073922,0.082642
chr10:60533987-60533989,0.23422
chr1:237277097-237277099,0.31659
chr11:97758119-97758121,-0.11975
chr1:214119341-214119343,0.27519
chr11:88595235-88595237,-0.11635
chr12:68095319-68095321,0.10308
chr15:49533126-49533128,-0.11311
chr17:43712463-43712465,-0.10905
chr17:43572895-43572897,0.10941
chr16:55973716-55973718,0.063385
chr17:43765380-43765382,0.10871
chr14:66718840-66718842,0.13841
chr13:113540648-113540650,-0.19306
chr13:39322340-39322342,0.061158
chr17:43763201-43763203,0.10868
chr17:43768632-43768634,0.10567
chr17:19921263-19921265,0.43188
chr12:113425492-113425494,-0.16855
chr17:43743044-43743046,-0.10879
chr17:43789639-43789641,-0.10694
chr17:43917085-43917087,0.10562
chr17:43818610-43818612,0.10758
chr17:43806450-43806452,0.107
chr17:43826304-43826306,0.11366
chr17:43832336-43832338,0.10899
chr17:43896733-43896735,-0.10541
chr17:43903484-43903486,-0.11031
chr17:43853132-43853134,-0.10748
chr17:43782692-43782694,0.10536
chr17:43912489-43912491,-0.10569
chr17:43914557-43914559,0.10535
chr17:43925965-43925967,-0.10628
chr17:43999792-43999794,0.10781
chr17:43921571-43921573,0.10531
chr17:44013102-44013104,0.1084
chr17:43983362-43983364,-0.10503
chr17:43978319-43978321,0.10509
chr17:44022067-44022069,-0.112
chr17:43924199-43924201,0.10523
chr17:44120607-44120609,0.11196
chr17:44114431-44114433,0.10916
chr17:44044939-44044941,0.1095
chr17:44112637-44112639,-0.10919
chr17:44023519-44023521,0.10571
chr17:44099826-44099828,-0.10946
chr17:44141346-44141348,0.11107
chr17:44062336-44062338,-0.11337
chr17:44106218-44106220,-0.10838
chr17:44050822-44050824,-0.10936
chr17:44068293-44068295,0.10976
chr17:44161359-44161361,0.11248
chr17:44288155-44288157,-0.12647
chr17:44150162-44150164,-0.11834
chr17:44180953-44180955,0.11241
chr17:44228769-44228771,0.1106
chr17:44171023-44171025,-0.11314
chr17:44196152-44196154,-0.12079
chr17:44251971-44251973,0.1135
chr17:44273217-44273219,0.11473
chr17:44238423-44238425,0.11695
chr17:44353884-44353886,0.12296
chr20:23328140-23328142,-0.52239
chr17:44826055-44826057,-0.10836
chr2:228164973-228164975,0.33796
chr2:126479928-126479930,-0.17311
chr2:126555103-126555105,0.17373
chr18:42698825-42698827,0.33279
chr17:47940665-47940667,0.45975
chr19:49303069-49303071,-0.058887
chr17:44793502-44793504,-0.10188
chr17:44861002-44861004,-0.10329
chr3:46022832-46022834,0.4214
chr3:45937832-45937834,-0.24739
chr3:46170896-46170898,0.31158
chr3:46068763-46068765,-0.17835
chr3:45997262-45997264,-0.41482
chr3:45905783-45905785,0.15352
chr3:45989872-45989874,-0.41607
chr3:45880480-45880482,0.62496
chr22:39664779-39664781,0.22362
chr3:46438377-46438379,-0.15612
chr3:101534038-101534040,-0.060165
chr3:101519096-101519098,-0.059919
chr3:46403680-46403682,0.26489
chr3:101393582-101393584,0.059952
chr3:46294119-46294121,0.086391
chr3:46331851-46331853,0.28024
chr9:7196763-7196765,-0.1145
chr7:88679739-88679741,0.054961
chr8:22437822-22437824,-0.20047
chr5:17191561-17191563,-0.15581
chr5:13936499-13936501,0.041957
chr8:125376733-125376735,0.27867
chr7:50721538-50721540,0.14888
chr5:127825484-127825486,-0.30288
chr3:190037651-190037653,0.46734
chr3:169067708-169067710,0.18417
chr5:17197177-17197179,-0.16552
chr5:162727452-162727454,-0.43555
chr5:30830130-30830132,0.053406
chr8:59916055-59916057,0.20545
chr6:41505195-41505197,0.21719
chr7:139667270-139667272,0.20133
chr5:54097129-54097131,-0.24693
chr3:117475682-117475684,0.14906
chr5:121635845-121635847,0.74489
chr9:136127267-136127269,-0.077756
chr12:68082307-68082309,0.094225
chr10:130500819-130500821,0.053858
chr1:214123367-214123369,0.27323
chr11:132755194-132755196,0.29691
chr1:188509376-188509378,0.51646
chr1:155045003-155045005,-0.15314
chr12:68097595-68097597,0.096942
chr11:97787053-97787055,-0.16848
chr11:28383188-28383190,0.34932
chr11:97762103-97762105,-0.12186
chr12:29002412-29002414,-0.09615
chr11:34492442-34492444,-0.10627
chr1:237277252-237277254,0.29837
chr10:77418609-77418611,0.35462
chr1:239917786-239917788,0.23699
chr15:26563159-26563161,0.11883
chr16:56169144-56169146,0.13582
chr17:43774958-43774960,-0.10638
chr17:43761973-43761975,0.11116
chr17:43763240-43763242,-0.11846
chr17:43773084-43773086,0.10898
chr17:43770711-43770713,0.094422
chr17:43768702-43768704,-0.10622
chr13:43320825-43320827,0.12173
chr17:43826350-43826352,-0.11359
chr17:43902798-43902800,0.10702
chr17:43806924-43806926,0.1069
chr17:43897129-43897131,0.1056
chr17:43844558-43844560,-0.10702
chr17:43908772-43908774,0.10609
chr17:43912581-43912583,0.10579
chr17:43905312-43905314,-0.10564
chr17:43787305-43787307,-0.10869
chr17:43832366-43832368,0.10929
chr17:43841570-43841572,0.10779
chr17:43828697-43828699,-0.10639
chr17:43895695-43895697,-0.10538
chr17:43914597-43914599,0.10553
chr17:43781104-43781106,0.10743
chr17:43789697-43789699,0.11091
chr17:43903545-43903547,-0.1058
chr17:43992580-43992582,-0.10361
chr17:43921753-43921755,0.10514
chr17:43933170-43933172,0.11167
chr17:43938498-43938500,-0.10546
chr17:43995097-43995099,-0.10307
chr17:43990918-43990920,-0.10463
chr17:43998327-43998329,0.10487
chr17:44011748-44011750,0.10843
chr17:44020313-44020315,0.10568
chr17:43988622-43988624,0.10433
chr17:43951219-43951221,-0.10503
chr17:43973120-43973122,-0.10847
chr17:43978533-43978535,-0.11149
chr17:44032469-44032471,0.10653
chr17:44053447-44053449,0.10936
chr17:44102688-44102690,-0.10933
chr17:44121468-44121470,-0.11472
chr17:44072853-44072855,-0.10907
chr17:44044984-44044986,-0.1115
chr17:44115073-44115075,-0.10921
chr17:44050849-44050851,-0.10954
chr17:44100552-44100554,-0.10955
chr17:44040822-44040824,0.10819
chr17:44110531-44110533,-0.10885
chr17:44112742-44112744,-0.10961
chr17:44270058-44270060,0.11877
chr17:44183402-44183404,0.11956
chr17:44218241-44218243,-0.11583
chr17:44159694-44159696,0.11303
chr17:44252097-44252099,-0.11387
chr17:44196446-44196448,-0.11327
chr17:44283760-44283762,-0.12055
chr17:44288578-44288580,-0.11229
chr17:44166499-44166501,-0.11298
chr17:44264044-44264046,-0.11493
chr17:44165048-44165050,0.1115
chr17:44178336-44178338,0.11222
chr17:44296229-44296231,-0.11954
chr2:49810429-49810431,-0.63292
chr19:39068640-39068642,0.47812
chr20:23329021-23329023,0.51489
chr20:41669267-41669269,-0.15793
chr21:34619444-34619446,0.19895
chr17:77407991-77407993,0.13318
chr19:50865534-50865536,-0.11631
chr17:44795468-44795470,-0.10478
chr17:44343929-44343931,0.12144
chr19:4719484-4719486,0.2219
chr18:59952181-59952183,0.24901
chr20:46121185-46121187,-0.28537
chr2:168971138-168971140,0.05547
chr17:44828930-44828932,-0.10541
chr21:34606633-34606635,0.17379
chr21:35363758-35363760,0.1604
chr3:46177095-46177097,0.30126
chr3:45798225-45798227,0.35365
chr3:46172823-46172825,0.31265
chr3:46063328-46063330,-0.39705
chr21:34638030-34638032,0.14504
chr3:46072005-46072007,0.17606
chr3:45989920-45989922,0.41825
chr3:46036520-46036522,0.3453
chr3:45841937-45841939,-0.44024
chr3:46024528-46024530,0.4215
chr3:46007822-46007824,0.43078
chr3:46068834-46068836,0.40651
chr3:101400166-101400168,-0.058609
chr3:46389165-46389167,-0.26952
chr3:101480155-101480157,-0.059607
chr3:101521926-101521928,-0.0631
chr3:46266378-46266380,0.25027
chr3:46395312-46395314,-0.26936
chr3:46306475-46306477,-0.08673
chr3:46337355-46337357,-0.28081
chr3:101503764-101503766,-0.059322
chr3:46483629-46483631,0.16783
chr3:46241528-46241530,0.25581
chr3:46263716-46263718,0.25022
chr8:125380780-125380782,0.27661
chr3:197130196-197130198,-0.22071
chr8:22438312-22438314,0.19716
chr5:122789900-122789902,0.055064
chr6:29798793-29798795,-0.13954
chr5:17191615-17191617,0.15651
chr6:109798152-109798154,0.18921
chr5:13939625-13939627,0.042483
chr3:117476176-117476178,-0.14996
chr6:31121957-31121959,0.28363
chr5:127826278-127826280,-0.30017
chr8:26821791-26821793,0.19959
chr9:117563686-117563688,-0.13314
chr8:59917142-59917144,-0.2055
chr8:68780599-68780601,0.14972
chr8:122832147-122832149,-0.13356
chr7:99617851-99617853,0.12054
chr4:122922859-122922861,0.10512
chr3:169069153-169069155,0.18144
chr3:196358716-196358718,0.10483
chr9:136326553-136326555,-0.088472
chr10:133144401-133144403,-0.16126
chr12:29008172-29008174,0.096631
chr12:113362057-113362059,0.17685
chr1:228406674-228406676,-0.072196
chr1:188514216-188514218,0.53105
chr11:34492746-34492748,-0.10613
chr1:65580678-65580680,-0.059944
chr11:28423794-28423796,0.34755
chr11:97787184-97787186,-0.16928
chr1:155060317-155060319,0.22083
chr11:88588640-88588642,-0.10986
chr17:43713924-43713926,-0.10937
chr15:63397037-63397039,-0.24691
chr17:43746275-43746277,-0.1088
chr14:99562215-99562217,0.053829
chr16:56285518-56285520,0.12819
chr15:26564090-26564092,0.11442
chr17:43754568-43754570,-0.10845
chr16:54551138-54551140,-0.12736
chr17:43768726-43768728,-0.1058
chr17:43760388-43760390,-0.11116
chr14:27535814-27535816,-0.32074
chr13:28847134-28847136,-0.20591
chr13:43321474-43321476,-0.12129
chr13:94879991-94879993,0.049695
chr17:43770994-43770996,-0.10655
chr17:43807062-43807064,0.10498
chr17:43793650-43793652,0.10827
chr17:43892783-43892785,0.11496
chr17:43847373-43847375,0.10784
chr17:43826636-43826638,-0.10567
chr17:43810895-43810897,-0.10405
chr17:43816656-43816658,0.10735
chr17:43803787-43803789,0.11015
chr17:43905480-43905482,-0.10574
chr17:43859064-43859066,-0.1077
chr17:43787562-43787564,0.10764
chr17:43835350-43835352,-0.10672
chr17:43912634-43912636,-0.10574
chr17:43902841-43902843,-0.10608
chr17:43822510-43822512,0.10717
chr17:43818689-43818691,0.10752
chr17:43919104-43919106,-0.1011
chr17:43837445-43837447,-0.10668
chr17:43978603-43978605,-0.10543
chr17:44002137-44002139,-0.10778
chr17:43924230-43924232,0.1023
chr17:43995989-43995991,-0.10401
chr17:43973232-43973234,0.10563
chr17:43941475-43941477,0.10555
chr17:43930032-43930034,-0.10584
chr17:43977048-43977050,0.1052
chr17:44022375-44022377,-0.10547
chr17:43953306-43953308,-0.10492
chr17:43926148-43926150,-0.10545
chr17:44015744-44015746,0.10562
chr17:44006600-44006602,-0.10744
chr17:43922941-43922943,0.10783
chr17:44011824-44011826,0.10777
chr17:43974548-43974550,0.10536
chr17:44004471-44004473,-0.10755
chr17:44110540-44110542,-0.10939
chr17:44124534-44124536,0.1094
chr17:44053988-44053990,0.10933
chr17:44051587-44051589,-0.11372
chr17:44074612-44074614,-0.10858
chr17:44115106-44115108,-0.10916
chr17:44082980-44082982,-0.11192
chr17:44067399-44067401,-0.11042
chr17:44032596-44032598,-0.10638
chr17:44214813-44214815,-0.12368
chr17:44250107-44250109,-0.10517
chr17:44284056-44284058,0.12095
chr17:44219830-44219832,0.11986
chr17:44289100-44289102,-0.11498
chr17:44229985-44229987,0.11088
chr17:44165068-44165070,-0.10925
chr17:44296250-44296252,-0.12041
chr17:44149296-44149298,0.11046
chr17:44277264-44277266,-0.11275
chr17:44255776-44255778,0.11394
chr17:44166645-44166647,-0.11355
chr17:44274559-44274561,-0.11785
chr2:103770239-103770241,0.45607
chr17:44348369-44348371,-0.11981
chr20:57058279-57058281,0.26357
chr18:42717333-42717335,0.33039
chr20:13083803-13083805,0.13382
chr17:44843135-44843137,0.10347
chr2:119987236-119987238,-0.13882
chr19:10427720-10427722,0.33292
chr17:77409266-77409268,0.14272
chr20:41673975-41673977,-0.1673
chr17:44344096-44344098,-0.11415
chr17:44863132-44863134,0.10242
chr19:39100461-39100463,0.49016
chr21:34616544-34616546,0.1922
chr21:34611570-34611572,0.1744
chr17:47957951-47957953,0.35614
chr19:10525180-10525182,0.11844
chr2:126561009-126561011,-0.15139
chr19:49321910-49321912,-0.058291
chr17:44797918-44797920,-0.10431
chr2:240699676-240699678,0.17194
chr3:45918214-45918216,0.3783
chr3:46107497-46107499,0.41085
chr3:46177161-46177163,-0.073902
chr3:46057866-46057868,0.39527
chr3:45993225-45993227,-0.11898
chr3:45960699-45960701,0.43149
chr3:45815168-45815170,0.35874
chr3:46116786-46116788,0.2786
chr3:46013831-46013833,0.42286
chr3:46007824-46007826,-0.41711
chr3:46266725-46266727,-0.24157
chr3:101378475-101378477,-0.059701
chr3:46486291-46486293,0.16167
chr3:46242476-46242478,0.2579
chr3:46440044-46440046,0.15645
chr3:101486919-101486921,-0.06095
chr3:46273597-46273599,-0.29993
chr3:46408179-46408181,0.26346
chr3:101086474-101086476,-0.058871
chr3:101504673-101504675,-0.058745
chr3:46306699-46306701,-0.26926
chr3:46268771-46268773,-0.24267
chr3:117476479-117476481,0.15112
chr8:29326066-29326068,-0.20911
chr8:26823378-26823380,-0.20787
chr5:17191649-17191651,-0.16596
chr3:169073004-169073006,0.18366
chr5:38366132-38366134,-0.13045
chr5:122863960-122863962,-0.05367
chr8:22439955-22439957,0.19563
chr4:27191132-27191134,-1.1916
chr5:91804747-91804749,0.062403
chr8:22057058-22057060,-0.37643
chr8:125381162-125381164,0.27684
chr8:122848562-122848564,-0.13338
chr4:122924528-122924530,0.10344
chr9:136326856-136326858,-0.086923
chr1:66991345-66991347,0.050908
chr1:188484739-188484741,0.51349
chr1:72015413-72015415,-0.044474
chr10:133144994-133144996,0.13324
chr1:155172724-155172726,-0.20173
chr11:102583924-102583926,0.24417
chr11:97787240-97787242,-0.16796
chr12:68084287-68084289,-0.098349
chr11:88575703-88575705,-0.11703
chr11:88588677-88588679,0.11408
chr11:28436498-28436500,0.34593
chr1:3733216-3733218,-0.14199
chr11:97765242-97765244,-0.13496
chr17:43767814-43767816,-0.10589
chr17:43765880-43765882,-0.093809
chr17:43769087-43769089,0.10623
chr17:43764377-43764379,0.10866
chr16:56224880-56224882,0.1303
chr17:43775144-43775146,0.1064
chr17:43773247-43773249,0.1089
chr17:43664334-43664336,0.11442
chr17:43733982-43733984,0.10891
chr13:31480394-31480396,0.19335
chr17:43760515-43760517,0.10845
chr17:43714672-43714674,-0.10909
chr17:43723929-43723931,0.11977
chr17:43771192-43771194,-0.10977
chr17:43817458-43817460,0.10744
chr17:43897245-43897247,0.10595
chr17:43899610-43899612,-0.1051
chr17:43844797-43844799,-0.106
chr17:43902860-43902862,-0.10568
chr17:43827208-43827210,0.10432
chr17:43849326-43849328,-0.11481
chr17:43918238-43918240,0.10606
chr17:43906725-43906727,0.10821
chr17:43892787-43892789,-0.10296
chr17:43853525-43853527,0.10781
chr17:43895796-43895798,0.10524
chr17:43914808-43914810,0.10692
chr17:43823124-43823126,0.10781
chr17:43911442-43911444,-0.10569
chr17:44006895-44006897,-0.10724
chr17:43974888-43974890,0.10526
chr17:43930237-43930239,0.10531
chr17:44022432-44022434,0.1052
chr17:44002430-44002432,-0.10821
chr17:43998766-43998768,-0.10451
chr17:44013474-44013476,-0.1081
chr17:44015815-44015817,-0.10568
chr17:43971456-43971458,0.10527
chr17:43986431-43986433,-0.10558
chr17:43923265-43923267,-0.10518
chr17:44027382-44027384,-0.10416
chr17:44070544-44070546,-0.10952
chr17:44110669-44110671,-0.10971
chr17:44051588-44051590,-0.11289
chr17:44074618-44074620,0.10857
chr17:44100905-44100907,0.10987
chr17:44049549-44049551,0.1118
chr17:44060247-44060249,-0.10916
chr17:44108099-44108101,0.10877
chr17:44056832-44056834,-0.10945
chr17:44113358-44113360,0.10919
chr17:44032767-44032769,0.10608
chr17:44102932-44102934,-0.10823
chr17:44118847-44118849,0.11205
chr17:44025887-44025889,-0.099746
chr17:44068542-44068544,0.10936
chr17:44150479-44150481,-0.11316
chr17:44167100-44167102,-0.12089
chr17:44252415-44252417,0.11444
chr17:44159848-44159850,0.11545
chr17:44194734-44194736,-0.11378
chr17:44264942-44264944,0.11419
chr17:44257472-44257474,-0.11988
chr17:44246996-44246998,0.1215
chr17:44149447-44149449,-0.11265
chr17:44204738-44204740,-0.11982
chr17:44220453-44220455,-0.11773
chr19:50879523-50879525,0.11349
chr2:119987286-119987288,-0.13862
chr17:47961830-47961832,0.52822
chr20:57059330-57059332,0.25206
chr20:13084261-13084263,0.13242
chr18:42749994-42749996,0.41928
chr17:47923442-47923444,0.55352
chr17:44344455-44344457,0.12151
chr17:44801783-44801785,0.10427
chr17:71768123-71768125,-0.12059
chr17:44348931-44348933,0.12055
chr2:103795493-103795495,0.36688
chr21:34616922-34616924,0.19599
chr2:126503722-126503724,-0.14766
chr3:46184724-46184726,-0.27539
chr3:46058907-46058909,0.40476
chr3:45962602-45962604,-0.4299
chr21:35377590-35377592,-0.11607
chr3:46107600-46107602,0.40808
chr3:46008086-46008088,-0.42407
chr3:101396528-101396530,0.05957
chr3:101445125-101445127,0.06022
chr3:46269135-46269137,0.24295
chr3:46267332-46267334,0.30612
chr3:101525624-101525626,-0.059709
chr3:101547732-101547734,-0.057373
chr3:46389648-46389650,-0.26946
chr3:46338830-46338832,0.28294
chr3:46318050-46318052,-0.089492
chr3:101383320-101383322,-0.059996
chr3:46440071-46440073,-0.15671
chr3:46397439-46397441,-0.079609
chr3:101504816-101504818,0.060104
chr3:46242615-46242617,0.25796
chr3:46273726-46273728,0.29378
chr3:101294571-101294573,-0.064174
chr3:46286662-46286664,0.2957
chr5:38368369-38368371,-0.13075
chr7:99620472-99620474,0.12136
chr5:13937802-13937804,0.041943
chr6:165594243-165594245,-0.16393
chr8:125382789-125382791,0.27282
chr9:117566439-117566441,0.14351
chr3:197107351-197107353,-0.22277
chr5:127829521-127829523,0.30014
chr5:173884510-173884512,0.048674
chr5:65066482-65066484,0.30736
chr3:139481940-139481942,-0.12258
chr5:13931204-13931206,0.043643
chr4:122925066-122925068,-0.1035
chr5:17191650-17191652,0.16571
chr5:13954950-13954952,-0.050749
chr7:50361873-50361875,0.043682
chr9:136332735-136332737,-0.079706
chr11:28439772-28439774,0.34812
chr12:68084391-68084393,0.096193
chr12:655706-655708,0.25427
chr1:67014169-67014171,0.058557
chr1:7211124-7211126,-0.32157
chr1:188534208-188534210,0.51367
chr11:97765523-97765525,-0.18217
chr11:97788681-97788683,-0.1735
chr1:155173526-155173528,-0.20379
chr1:34879756-34879758,-0.043999
chr17:43746720-43746722,0.10881
chr17:43724244-43724246,-0.12117
chr17:43738626-43738628,0.10843
chr17:43727886-43727888,-0.10891
chr16:54551335-54551337,-0.12669
chr17:43719142-43719144,-0.10116
chr17:35050152-35050154,1.1354
chr17:43769276-43769278,-0.10976
chr16:56233487-56233489,-0.1311
chr17:43764564-43764566,0.10865
chr17:43776786-43776788,0.10667
chr15:78323095-78323097,0.41568
chr17:43734144-43734146,0.10921
chr16:56144302-56144304,0.12786
chr13:101606322-101606324,0.103
chr17:43766351-43766353,-0.10575
chr17:43896031-43896033,-0.1057
chr17:43892972-43892974,-0.10592
chr17:43818945-43818947,0.10752
chr17:43899654-43899656,-0.10475
chr17:43832939-43832941,0.11156
chr17:43817556-43817558,-0.10745
chr17:43788418-43788420,-0.10564
chr17:43894608-43894610,0.1053
chr17:43909007-43909009,0.10374
chr17:43837781-43837783,-0.10684
chr17:43902943-43902945,-0.10586
chr17:43811059-43811061,0.10702
chr17:43823228-43823230,0.10418
chr17:43986461-43986463,0.10424
chr17:44006953-44006955,0.10678
chr17:44022433-44022435,0.10516
chr17:43977826-43977828,-0.10513
chr17:43989220-43989222,0.10471
chr17:43923653-43923655,-0.10563
chr17:43973412-43973414,0.10567
chr17:44063139-44063141,-0.11338
chr17:44068923-44068925,-0.10886
chr17:44033487-44033489,-0.10582
chr17:44032878-44032880,0.10665
chr17:44067545-44067547,0.10956
chr17:44051611-44051613,-0.11185
chr17:44083322-44083324,0.11089
chr17:44110887-44110889,0.10924
chr17:44100915-44100917,0.10962
chr17:44030230-44030232,0.10592
chr17:44049866-44049868,0.10953
chr17:44192922-44192924,0.12016
chr17:44252509-44252511,-0.12078
chr17:44231116-44231118,-0.11775
chr17:44186893-44186895,-0.11256
chr17:44207886-44207888,0.11567
chr17:44265327-44265329,-0.11871
chr17:44194834-44194836,0.11356
chr17:44181507-44181509,-0.11247
chr17:44239957-44239959,0.1165
chr17:44251229-44251231,0.11436
chr17:44167463-44167465,0.11218
chr19:50880474-50880476,0.1113
chr2:127961025-127961027,1.3812
chr17:44352620-44352622,0.12345
chr17:44809000-44809002,0.10137
chr2:168979568-168979570,0.055807
chr17:44856640-44856642,0.10253
chr17:47966849-47966851,0.51775
chr19:4705507-4705509,-0.15515
chr17:47928833-47928835,0.36607
chr21:34620800-34620802,0.2488
chr2:126462564-126462566,-0.16891
chr20:23333561-23333563,0.5159
chr19:39100687-39100689,0.49372
chr17:44344809-44344811,0.12367
chr2:103798416-103798418,0.45408
chr17:71768205-71768207,-0.12075
chr2:126504559-126504561,-0.14778
chr19:10562801-10562803,-0.07823
chr3:46059138-46059140,-0.1742
chr3:45999208-45999210,0.42083
chr21:34629174-34629176,0.17234
chr3:45909023-45909025,-0.51684
chr3:46009486-46009488,0.42133
chr3:46232764-46232766,0.28467
chr3:46147503-46147505,0.33077
chr3:101401994-101401996,0.059116
chr3:46249928-46249930,0.2833
chr3:101528480-101528482,-0.059991
chr3:46413333-46413335,-0.15711
chr3:46488245-46488247,0.16251
chr3:101383561-101383563,0.059737
chr3:46273765-46273767,0.29867
chr3:46361366-46361368,-0.095861
chr3:46265189-46265191,-0.30661
chr3:46332839-46332841,-0.089533
chr3:101396971-101396973,-0.060031
chr3:46311781-46311783,0.28393
chr5:13931339-13931341,0.042249
chr9:117568765-117568767,0.1463
chr6:165594330-165594332,0.16382
chr5:77172874-77172876,-0.046942
chr5:17202350-17202352,0.16127
chr5:127834504-127834506,-0.29337
chr3:169079858-169079860,0.18972
chr4:122925088-122925090,0.10371
chr5:94284380-94284382,0.10848
chr3:197109633-197109635,-0.24267
chr8:22431683-22431685,-0.2019
chr8:59903270-59903272,-0.20509
chr6:30063086-30063088,0.18257
chr7:99621578-99621580,0.065108
chr5:38368933-38368935,-0.13173
chr5:13937942-13937944,-0.042259
chr12:76538254-76538256,0.054309
chr12:68087207-68087209,-0.098364
chr12:113357192-113357194,0.19319
chr1:35187057-35187059,-0.20267
chr12:10546009-10546011,0.27082
chr11:76367019-76367021,0.19076
chr1:188538436-188538438,0.51393
chr11:114707179-114707181,0.1712
chr11:97765524-97765526,-0.18218
chr12:113361116-113361118,0.18706
chr12:113468808-113468810,0.044456
chr17:43766414-43766416,-0.10371
chr17:43715017-43715019,-0.10889
chr17:43756339-43756341,-0.11725
chr17:43728136-43728138,-0.10915
chr17:43746838-43746840,-0.10882
chr17:43707618-43707620,0.10892
chr17:43752565-43752567,-0.10878
chr15:49432063-49432065,-0.1211
chr16:56144340-56144342,0.12695
chr13:43362506-43362508,0.11485
chr17:43768345-43768347,-0.10729
chr17:43710370-43710372,-0.10922
chr13:33701497-33701499,-0.30632
chr16:56117653-56117655,-0.128
chr16:3161897-3161899,0.19699
chr17:43734303-43734305,0.10861
chr16:10645716-10645718,0.35651
chr17:43760598-43760600,-0.10838
chr13:105686614-105686616,-0.79777
chr17:43844976-43844978,-0.10711
chr17:43907142-43907144,0.10566
chr17:43849414-43849416,0.11435
chr17:43897479-43897481,0.10624
chr17:43827390-43827392,-0.10698
chr17:43833823-43833825,-0.1073
chr17:43825567-43825569,-0.10534
chr17:43852604-43852606,-0.10645
chr17:43788648-43788650,0.10854
chr17:43799032-43799034,-0.1064
chr17:43911831-43911833,-0.10555
chr17:43915311-43915313,-0.10591
chr17:43823325-43823327,-0.10448
chr17:44021462-44021464,0.10584
chr17:43989688-43989690,0.10465
chr17:43982158-43982160,-0.10504
chr17:43924775-43924777,0.10501
chr17:44002594-44002596,-0.10837
chr17:43971603-43971605,-0.10548
chr17:44006955-44006957,0.10776
chr17:43949891-43949893,0.10556
chr17:44000913-44000915,-0.10779
chr17:43973651-43973653,0.10537
chr17:44013937-44013939,-0.10563
chr17:43975284-43975286,-0.10555
chr17:44083401-44083403,0.11173
chr17:44063392-44063394,0.1135
chr17:44128124-44128126,-0.11171
chr17:44147510-44147512,0.11312
chr17:44026393-44026395,0.10592
chr17:44051845-44051847,-0.10856
chr17:44030310-44030312,0.10603
chr17:44103615-44103617,0.10911
chr17:44061022-44061024,-0.11079
chr17:44033801-44033803,-0.10825
chr17:44115568-44115570,-0.10922
chr17:44058003-44058005,-0.10966
chr17:44098966-44098968,0.11313
chr17:44271999-44272001,0.11519
chr17:44187256-44187258,0.11422
chr17:44181680-44181682,0.11225
chr17:44169768-44169770,0.11237
chr17:44165593-44165595,0.11992
chr17:44192945-44192947,0.1271
chr17:44167660-44167662,0.11243
chr17:44240106-44240108,-0.11671
chr17:44253202-44253204,-0.12232
chr17:44289231-44289233,0.12114
chr17:44227509-44227511,0.12189
chr21:34602793-34602795,0.24248
chr17:44342326-44342328,0.12109
chr2:126513789-126513791,0.14791
chr19:50868753-50868755,-0.10617
chr17:47852830-47852832,0.28519
chr19:50881325-50881327,0.10931
chr19:49304659-49304661,-0.058303
chr17:44856880-44856882,0.10429
chr2:144174294-144174296,0.21604
chr2:37889612-37889614,0.13907
chr20:45674246-45674248,0.14527
chr2:126465039-126465041,0.16783
chr2:49813989-49813991,-0.64424
chr19:39100807-39100809,0.49737
chr2:208722350-208722352,0.36582
chr17:44364648-44364650,-0.11689
chr2:168980542-168980544,0.056222
chr21:36376620-36376622,0.12646
chr3:46000727-46000729,0.42083
chr3:46009863-46009865,-0.091108
chr3:46059248-46059250,-0.40481
chr3:46108399-46108401,-0.38261
chr3:45927758-45927760,-0.33215
chr21:35320940-35320942,-0.10877
chr3:45945286-45945288,-0.18782
chr3:46150118-46150120,0.098235
chr3:45637108-45637110,-0.25612
chr3:46274258-46274260,-0.2851
chr3:46416215-46416217,0.15634
chr3:46271398-46271400,-0.24821
chr3:101122574-101122576,-0.056285
chr3:101528762-101528764,0.060123
chr3:46402430-46402432,0.26977
chr3:46332998-46333000,-0.2775
chr3:46250007-46250009,-0.28296
chr3:101371921-101371923,0.060176
chr3:46449390-46449392,-0.15575
chr3:46312846-46312848,0.26644
chr3:46389975-46389977,-0.26943
chr8:79553286-79553288,0.15095
chr6:37756846-37756848,-0.17351
chr9:1686321-1686323,0.055749
chr8:29319541-29319543,0.18084
chr4:122925853-122925855,-0.10841
chr4:122905919-122905921,0.10805
chr6:165594451-165594453,0.16359
chr3:169081591-169081593,0.18963
chr7:78108702-78108704,0.12533
chr8:8723650-8723652,-0.18163
chr8:125326404-125326406,-0.23903
chr9:117569045-117569047,0.1443
chr8:22433887-22433889,-0.19774
chr5:13932116-13932118,-0.042648
chr5:125762736-125762738,0.10125
chr8:59907521-59907523,-0.20237
chr5:17204194-17204196,0.15415
