gwas_name,hg38_pos,hg19_pos,new_beta
B1_ALL_leave_UKBB_23andme,1:8347227,chr1:8407286-8407288,-0.18704
B1_ALL_leave_UKBB_23andme,1:233655723,chr1:233791468-233791470,-0.21458
B1_ALL_leave_UKBB_23andme,1:247640336,chr1:247803637-247803639,0.20398
B1_ALL_leave_UKBB_23andme,2:32698900,chr2:32923966-32923968,-0.15044
B1_ALL_leave_UKBB_23andme,2:201707432,chr2:202572154-202572156,-0.19348
B1_ALL_leave_UKBB_23andme,2:240182278,chr2:241121694-241121696,-0.28981
B1_ALL_leave_UKBB_23andme,3:45800446,chr3:45841937-45841939,0.44024
B1_ALL_leave_UKBB_23andme,3:45801750,chr3:45843241-45843243,0.47547
B1_ALL_leave_UKBB_23andme,3:45801823,chr3:45843314-45843316,-0.47946
B1_ALL_leave_UKBB_23andme,3:45801947,chr3:45843438-45843440,-0.48355
B1_ALL_leave_UKBB_23andme,3:45802706,chr3:45844197-45844199,0.47702
B1_ALL_leave_UKBB_23andme,3:45805277,chr3:45846768-45846770,0.47128
B1_ALL_leave_UKBB_23andme,3:45807268,chr3:45848759-45848761,0.48255
B1_ALL_leave_UKBB_23andme,3:45809291,chr3:45850782-45850784,-0.42153
B1_ALL_leave_UKBB_23andme,3:45818159,chr3:45859650-45859652,0.62367
B1_ALL_leave_UKBB_23andme,3:45820440,chr3:45861931-45861933,0.62504
B1_ALL_leave_UKBB_23andme,3:45821460,chr3:45862951-45862953,0.6245
B1_ALL_leave_UKBB_23andme,3:45823240,chr3:45864731-45864733,0.62392
B1_ALL_leave_UKBB_23andme,3:45825948,chr3:45867439-45867441,0.62287
B1_ALL_leave_UKBB_23andme,3:45830416,chr3:45871907-45871909,0.62413
B1_ALL_leave_UKBB_23andme,3:45838989,chr3:45880480-45880482,0.62496
B1_ALL_leave_UKBB_23andme,3:45847198,chr3:45888689-45888691,0.6244
B1_ALL_leave_UKBB_23andme,3:45848429,chr3:45889920-45889922,0.62617
B1_ALL_leave_UKBB_23andme,3:45848457,chr3:45889948-45889950,0.61996
B1_ALL_leave_UKBB_23andme,3:45858159,chr3:45899650-45899652,0.63022
B1_ALL_leave_UKBB_23andme,3:45859142,chr3:45900633-45900635,0.56203
B1_ALL_leave_UKBB_23andme,3:45859597,chr3:45901088-45901090,-0.63105
B1_ALL_leave_UKBB_23andme,3:45866624,chr3:45908115-45908117,0.51736
B1_ALL_leave_UKBB_23andme,3:45874730,chr3:45916221-45916223,-0.19173
B1_ALL_leave_UKBB_23andme,3:45875294,chr3:45916785-45916787,0.38085
B1_ALL_leave_UKBB_23andme,3:45876723,chr3:45918214-45918216,0.3783
B1_ALL_leave_UKBB_23andme,3:45878806,chr3:45920297-45920299,0.37788
B1_ALL_leave_UKBB_23andme,3:45887277,chr3:45928768-45928770,0.3785
B1_ALL_leave_UKBB_23andme,3:45890915,chr3:45932406-45932408,0.37625
B1_ALL_leave_UKBB_23andme,3:45895453,chr3:45936944-45936946,0.31839
B1_ALL_leave_UKBB_23andme,3:45897524,chr3:45939015-45939017,0.36834
B1_ALL_leave_UKBB_23andme,3:45898310,chr3:45939801-45939803,0.36831
B1_ALL_leave_UKBB_23andme,3:45903640,chr3:45945131-45945133,0.36734
B1_ALL_leave_UKBB_23andme,3:45905526,chr3:45947017-45947019,0.36647
B1_ALL_leave_UKBB_23andme,3:45910155,chr3:45951646-45951648,0.35655
B1_ALL_leave_UKBB_23andme,3:45918928,chr3:45960419-45960421,0.4273
B1_ALL_leave_UKBB_23andme,3:45919208,chr3:45960699-45960701,0.43149
B1_ALL_leave_UKBB_23andme,3:45921111,chr3:45962602-45962604,0.4299
B1_ALL_leave_UKBB_23andme,3:45926551,chr3:45968042-45968044,0.42291
B1_ALL_leave_UKBB_23andme,3:45928899,chr3:45970390-45970392,0.42484
B1_ALL_leave_UKBB_23andme,3:45929452,chr3:45970943-45970945,0.35193
B1_ALL_leave_UKBB_23andme,3:45932600,chr3:45974091-45974093,0.42473
B1_ALL_leave_UKBB_23andme,3:45935170,chr3:45976661-45976663,0.4247
B1_ALL_leave_UKBB_23andme,3:45939679,chr3:45981170-45981172,0.42145
B1_ALL_leave_UKBB_23andme,3:45941984,chr3:45983475-45983477,0.42145
B1_ALL_leave_UKBB_23andme,3:45948381,chr3:45989872-45989874,-0.41607
B1_ALL_leave_UKBB_23andme,3:45948429,chr3:45989920-45989922,0.41825
B1_ALL_leave_UKBB_23andme,3:45952153,chr3:45993644-45993646,-0.42104
B1_ALL_leave_UKBB_23andme,3:45954256,chr3:45995747-45995749,-0.41377
B1_ALL_leave_UKBB_23andme,3:45955009,chr3:45996500-45996502,0.41419
B1_ALL_leave_UKBB_23andme,3:45955771,chr3:45997262-45997264,-0.41482
B1_ALL_leave_UKBB_23andme,3:45957717,chr3:45999208-45999210,0.42083
B1_ALL_leave_UKBB_23andme,3:45959236,chr3:46000727-46000729,0.42083
B1_ALL_leave_UKBB_23andme,3:45959378,chr3:46000869-46000871,0.42089
B1_ALL_leave_UKBB_23andme,3:45959735,chr3:46001226-46001228,-0.41428
B1_ALL_leave_UKBB_23andme,3:45959875,chr3:46001366-46001368,0.42091
B1_ALL_leave_UKBB_23andme,3:45960228,chr3:46001719-46001721,-0.41413
B1_ALL_leave_UKBB_23andme,3:45961471,chr3:46002962-46002964,0.42063
B1_ALL_leave_UKBB_23andme,3:45962004,chr3:46003495-46003497,0.42081
B1_ALL_leave_UKBB_23andme,3:45962045,chr3:46003536-46003538,-0.41411
B1_ALL_leave_UKBB_23andme,3:45964747,chr3:46006238-46006240,-0.41669
B1_ALL_leave_UKBB_23andme,3:45964777,chr3:46006268-46006270,-0.41619
B1_ALL_leave_UKBB_23andme,3:45964849,chr3:46006340-46006342,0.41822
B1_ALL_leave_UKBB_23andme,3:45965996,chr3:46007487-46007489,-0.41666
B1_ALL_leave_UKBB_23andme,3:45966331,chr3:46007822-46007824,0.43078
B1_ALL_leave_UKBB_23andme,3:45966333,chr3:46007824-46007826,-0.41711
B1_ALL_leave_UKBB_23andme,3:45966595,chr3:46008086-46008088,-0.42407
B1_ALL_leave_UKBB_23andme,3:45967995,chr3:46009486-46009488,0.42133
B1_ALL_leave_UKBB_23andme,3:45968515,chr3:46010006-46010008,0.41669
B1_ALL_leave_UKBB_23andme,3:45969944,chr3:46011435-46011437,-0.41925
B1_ALL_leave_UKBB_23andme,3:45970787,chr3:46012278-46012280,0.4226
B1_ALL_leave_UKBB_23andme,3:45970899,chr3:46012390-46012392,0.42905
B1_ALL_leave_UKBB_23andme,3:45972340,chr3:46013831-46013833,0.42286
B1_ALL_leave_UKBB_23andme,3:45973053,chr3:46014544-46014546,0.4236
B1_ALL_leave_UKBB_23andme,3:45974077,chr3:46015568-46015570,-0.41847
B1_ALL_leave_UKBB_23andme,3:45976852,chr3:46018343-46018345,0.42401
B1_ALL_leave_UKBB_23andme,3:45981341,chr3:46022832-46022834,0.4214
B1_ALL_leave_UKBB_23andme,3:45983037,chr3:46024528-46024530,0.4215
B1_ALL_leave_UKBB_23andme,3:45983556,chr3:46025047-46025049,0.42196
B1_ALL_leave_UKBB_23andme,3:45993605,chr3:46035096-46035098,0.42141
B1_ALL_leave_UKBB_23andme,3:45998376,chr3:46039867-46039869,0.41688
B1_ALL_leave_UKBB_23andme,3:46000345,chr3:46041836-46041838,0.41664
B1_ALL_leave_UKBB_23andme,3:46004967,chr3:46046458-46046460,0.41733
B1_ALL_leave_UKBB_23andme,3:46008272,chr3:46049763-46049765,-0.42313
B1_ALL_leave_UKBB_23andme,3:46008273,chr3:46049764-46049766,0.39699
B1_ALL_leave_UKBB_23andme,3:46008335,chr3:46049826-46049828,0.40765
B1_ALL_leave_UKBB_23andme,3:46010210,chr3:46051701-46051703,-0.40744
B1_ALL_leave_UKBB_23andme,3:46010282,chr3:46051773-46051775,0.40808
B1_ALL_leave_UKBB_23andme,3:46010416,chr3:46051907-46051909,-0.32525
B1_ALL_leave_UKBB_23andme,3:46010771,chr3:46052262-46052264,0.40788
B1_ALL_leave_UKBB_23andme,3:46011308,chr3:46052799-46052801,0.40683
B1_ALL_leave_UKBB_23andme,3:46012089,chr3:46053580-46053582,0.41837
B1_ALL_leave_UKBB_23andme,3:46012476,chr3:46053967-46053969,0.41631
B1_ALL_leave_UKBB_23andme,3:46012664,chr3:46054155-46054157,0.40519
B1_ALL_leave_UKBB_23andme,3:46014417,chr3:46055908-46055910,-0.41025
B1_ALL_leave_UKBB_23andme,3:46014670,chr3:46056161-46056163,0.4122
B1_ALL_leave_UKBB_23andme,3:46014681,chr3:46056172-46056174,0.42067
B1_ALL_leave_UKBB_23andme,3:46016375,chr3:46057866-46057868,-0.39527
B1_ALL_leave_UKBB_23andme,3:46017757,chr3:46059248-46059250,-0.40481
B1_ALL_leave_UKBB_23andme,3:46017992,chr3:46059483-46059485,-0.39555
B1_ALL_leave_UKBB_23andme,3:46019726,chr3:46061217-46061219,0.40676
B1_ALL_leave_UKBB_23andme,3:46019812,chr3:46061303-46061305,-0.39568
B1_ALL_leave_UKBB_23andme,3:46020505,chr3:46061996-46061998,0.39476
B1_ALL_leave_UKBB_23andme,3:46021837,chr3:46063328-46063330,-0.39705
B1_ALL_leave_UKBB_23andme,3:46022261,chr3:46063752-46063754,-0.39572
B1_ALL_leave_UKBB_23andme,3:46023126,chr3:46064617-46064619,0.40003
B1_ALL_leave_UKBB_23andme,3:46023134,chr3:46064625-46064627,0.4102
B1_ALL_leave_UKBB_23andme,3:46026015,chr3:46067506-46067508,0.40662
B1_ALL_leave_UKBB_23andme,3:46026981,chr3:46068472-46068474,0.39548
B1_ALL_leave_UKBB_23andme,3:46027343,chr3:46068834-46068836,0.40651
B1_ALL_leave_UKBB_23andme,3:46028081,chr3:46069572-46069574,-0.39583
B1_ALL_leave_UKBB_23andme,3:46028845,chr3:46070336-46070338,-0.39552
B1_ALL_leave_UKBB_23andme,3:46028861,chr3:46070352-46070354,0.39563
B1_ALL_leave_UKBB_23andme,3:46029589,chr3:46071080-46071082,0.40677
B1_ALL_leave_UKBB_23andme,3:46030271,chr3:46071762-46071764,0.39484
B1_ALL_leave_UKBB_23andme,3:46030376,chr3:46071867-46071869,-0.39553
B1_ALL_leave_UKBB_23andme,3:46031027,chr3:46072518-46072520,0.40666
B1_ALL_leave_UKBB_23andme,3:46031138,chr3:46072629-46072631,0.39568
B1_ALL_leave_UKBB_23andme,3:46031212,chr3:46072703-46072705,0.39174
B1_ALL_leave_UKBB_23andme,3:46031276,chr3:46072767-46072769,-0.39517
B1_ALL_leave_UKBB_23andme,3:46031347,chr3:46072838-46072840,0.39518
B1_ALL_leave_UKBB_23andme,3:46031822,chr3:46073313-46073315,-0.39561
B1_ALL_leave_UKBB_23andme,3:46032431,chr3:46073922-46073924,-0.39566
B1_ALL_leave_UKBB_23andme,3:46033219,chr3:46074710-46074712,-0.39459
B1_ALL_leave_UKBB_23andme,3:46033366,chr3:46074857-46074859,0.3956
B1_ALL_leave_UKBB_23andme,3:46033598,chr3:46075089-46075091,0.39562
B1_ALL_leave_UKBB_23andme,3:46035840,chr3:46077331-46077333,0.39503
B1_ALL_leave_UKBB_23andme,3:46035898,chr3:46077389-46077391,0.36222
B1_ALL_leave_UKBB_23andme,3:46036800,chr3:46078291-46078293,-0.35984
B1_ALL_leave_UKBB_23andme,3:46038379,chr3:46079870-46079872,0.36138
B1_ALL_leave_UKBB_23andme,3:46038532,chr3:46080023-46080025,-0.36252
B1_ALL_leave_UKBB_23andme,3:46038684,chr3:46080175-46080177,0.36252
B1_ALL_leave_UKBB_23andme,3:46039616,chr3:46081107-46081109,-0.36627
B1_ALL_leave_UKBB_23andme,3:46039814,chr3:46081305-46081307,0.40972
B1_ALL_leave_UKBB_23andme,3:46039841,chr3:46081332-46081334,-0.36257
B1_ALL_leave_UKBB_23andme,3:46040215,chr3:46081706-46081708,0.36264
B1_ALL_leave_UKBB_23andme,3:46040989,chr3:46082480-46082482,0.40025
B1_ALL_leave_UKBB_23andme,3:46041709,chr3:46083200-46083202,0.3626
B1_ALL_leave_UKBB_23andme,3:46041865,chr3:46083356-46083358,0.36255
B1_ALL_leave_UKBB_23andme,3:46042142,chr3:46083633-46083635,0.36252
B1_ALL_leave_UKBB_23andme,3:46042449,chr3:46083940-46083942,-0.36256
B1_ALL_leave_UKBB_23andme,3:46042880,chr3:46084371-46084373,-0.3626
B1_ALL_leave_UKBB_23andme,3:46043250,chr3:46084741-46084743,0.36234
B1_ALL_leave_UKBB_23andme,3:46043457,chr3:46084948-46084950,0.36611
B1_ALL_leave_UKBB_23andme,3:46044591,chr3:46086082-46086084,0.36265
B1_ALL_leave_UKBB_23andme,3:46046500,chr3:46087991-46087993,0.41001
B1_ALL_leave_UKBB_23andme,3:46046790,chr3:46088281-46088283,0.36223
B1_ALL_leave_UKBB_23andme,3:46046844,chr3:46088335-46088337,0.36222
B1_ALL_leave_UKBB_23andme,3:46048985,chr3:46090476-46090478,-0.36324
B1_ALL_leave_UKBB_23andme,3:46049065,chr3:46090556-46090558,-0.36263
B1_ALL_leave_UKBB_23andme,3:46052571,chr3:46094062-46094064,0.40885
B1_ALL_leave_UKBB_23andme,3:46053612,chr3:46095103-46095105,0.40899
B1_ALL_leave_UKBB_23andme,3:46055306,chr3:46096797-46096799,0.40952
B1_ALL_leave_UKBB_23andme,3:46057034,chr3:46098525-46098527,0.40876
B1_ALL_leave_UKBB_23andme,3:46057662,chr3:46099153-46099155,0.40886
B1_ALL_leave_UKBB_23andme,3:46058646,chr3:46100137-46100139,0.40892
B1_ALL_leave_UKBB_23andme,3:46058999,chr3:46100490-46100492,0.4089
B1_ALL_leave_UKBB_23andme,3:46059974,chr3:46101465-46101467,0.40903
B1_ALL_leave_UKBB_23andme,3:46060681,chr3:46102172-46102174,0.40851
B1_ALL_leave_UKBB_23andme,3:46062188,chr3:46103679-46103681,0.4065
B1_ALL_leave_UKBB_23andme,3:46066006,chr3:46107497-46107499,0.41085
B1_ALL_leave_UKBB_23andme,3:46066109,chr3:46107600-46107602,0.40808
B1_ALL_leave_UKBB_23andme,3:46066793,chr3:46108284-46108286,0.38257
B1_ALL_leave_UKBB_23andme,3:46066908,chr3:46108399-46108401,0.38261
B1_ALL_leave_UKBB_23andme,3:46069589,chr3:46111080-46111082,0.375
B1_ALL_leave_UKBB_23andme,3:46069721,chr3:46111212-46111214,0.40631
B1_ALL_leave_UKBB_23andme,3:46070267,chr3:46111758-46111760,0.37443
B1_ALL_leave_UKBB_23andme,3:46072724,chr3:46114215-46114217,0.37473
B1_ALL_leave_UKBB_23andme,3:46074518,chr3:46116009-46116011,0.40491
B1_ALL_leave_UKBB_23andme,3:46075604,chr3:46117095-46117097,0.40471
B1_ALL_leave_UKBB_23andme,3:46076468,chr3:46117959-46117961,0.40488
B1_ALL_leave_UKBB_23andme,3:46076947,chr3:46118438-46118440,0.30044
B1_ALL_leave_UKBB_23andme,3:46079025,chr3:46120516-46120518,0.40434
B1_ALL_leave_UKBB_23andme,3:46081551,chr3:46123042-46123044,0.40919
B1_ALL_leave_UKBB_23andme,3:46081563,chr3:46123054-46123056,-0.40945
B1_ALL_leave_UKBB_23andme,3:46082926,chr3:46124417-46124419,0.40374
B1_ALL_leave_UKBB_23andme,3:46089733,chr3:46131224-46131226,0.4024
B1_ALL_leave_UKBB_23andme,3:46094198,chr3:46135689-46135691,0.40278
B1_ALL_leave_UKBB_23andme,3:46094946,chr3:46136437-46136439,0.33045
B1_ALL_leave_UKBB_23andme,3:46096615,chr3:46138106-46138108,0.40367
B1_ALL_leave_UKBB_23andme,3:46096963,chr3:46138454-46138456,0.4019
B1_ALL_leave_UKBB_23andme,3:46098581,chr3:46140072-46140074,0.4036
B1_ALL_leave_UKBB_23andme,3:46100352,chr3:46141843-46141845,0.38445
B1_ALL_leave_UKBB_23andme,3:46100972,chr3:46142463-46142465,-0.4032
B1_ALL_leave_UKBB_23andme,3:46101695,chr3:46143186-46143188,0.3286
B1_ALL_leave_UKBB_23andme,3:46103489,chr3:46144980-46144982,0.3285
B1_ALL_leave_UKBB_23andme,3:46104822,chr3:46146313-46146315,0.32833
B1_ALL_leave_UKBB_23andme,3:46106012,chr3:46147503-46147505,0.33077
B1_ALL_leave_UKBB_23andme,3:46112780,chr3:46154271-46154273,0.32718
B1_ALL_leave_UKBB_23andme,3:46112965,chr3:46154456-46154458,0.32717
B1_ALL_leave_UKBB_23andme,3:46127548,chr3:46169039-46169041,0.31113
B1_ALL_leave_UKBB_23andme,3:46129405,chr3:46170896-46170898,0.31158
B1_ALL_leave_UKBB_23andme,3:46131332,chr3:46172823-46172825,0.31265
B1_ALL_leave_UKBB_23andme,3:46131580,chr3:46173071-46173073,0.30936
B1_ALL_leave_UKBB_23andme,3:46131718,chr3:46173209-46173211,0.308
B1_ALL_leave_UKBB_23andme,3:46132150,chr3:46173641-46173643,-0.319
B1_ALL_leave_UKBB_23andme,3:46132839,chr3:46174330-46174332,-0.30983
B1_ALL_leave_UKBB_23andme,3:46135604,chr3:46177095-46177097,0.30126
B1_ALL_leave_UKBB_23andme,3:46180545,chr3:46222036-46222038,-0.44065
B1_ALL_leave_UKBB_23andme,3:168855410,chr3:168573197-168573199,0.3905
B1_ALL_leave_UKBB_23andme,5:4654648,chr5:4654760-4654762,0.13334
B1_ALL_leave_UKBB_23andme,5:128475543,chr5:127811235-127811237,-0.26961
B1_ALL_leave_UKBB_23andme,5:128481169,chr5:127816861-127816863,-0.3045
B1_ALL_leave_UKBB_23andme,5:128484844,chr5:127820536-127820538,-0.30356
B1_ALL_leave_UKBB_23andme,5:128486659,chr5:127822351-127822353,-0.30392
B1_ALL_leave_UKBB_23andme,5:128489792,chr5:127825484-127825486,-0.30288
B1_ALL_leave_UKBB_23andme,5:128490586,chr5:127826278-127826280,-0.30017
B1_ALL_leave_UKBB_23andme,5:128492690,chr5:127828382-127828384,-0.2989
B1_ALL_leave_UKBB_23andme,5:128493829,chr5:127829521-127829523,-0.30014
B1_ALL_leave_UKBB_23andme,5:128498812,chr5:127834504-127834506,-0.29337
B1_ALL_leave_UKBB_23andme,5:128509585,chr5:127845277-127845279,-0.29355
B1_ALL_leave_UKBB_23andme,5:128510853,chr5:127846545-127846547,0.29543
B1_ALL_leave_UKBB_23andme,6:73390739,chr6:74100461-74100463,-0.27993
B1_ALL_leave_UKBB_23andme,6:148060362,chr6:148381497-148381499,0.62817
B1_ALL_leave_UKBB_23andme,7:31479564,chr7:31519177-31519179,0.40073
B1_ALL_leave_UKBB_23andme,8:8865165,chr8:8722674-8722676,-0.18385
B1_ALL_leave_UKBB_23andme,8:87718811,chr8:88731038-88731040,0.56139
B1_ALL_leave_UKBB_23andme,10:7129221,chr10:7171182-7171184,0.22565
B1_ALL_leave_UKBB_23andme,10:75658852,chr10:77418609-77418611,0.35462
B1_ALL_leave_UKBB_23andme,11:23230328,chr11:23251873-23251875,0.30511
B1_ALL_leave_UKBB_23andme,11:23230357,chr11:23251902-23251904,0.30137
B1_ALL_leave_UKBB_23andme,13:28240536,chr13:28814672-28814674,0.13495
B1_ALL_leave_UKBB_23andme,13:28243860,chr13:28817996-28817998,0.13502
B1_ALL_leave_UKBB_23andme,13:28259235,chr13:28833371-28833373,0.18761
B1_ALL_leave_UKBB_23andme,13:28272998,chr13:28847134-28847136,0.20591
B1_ALL_leave_UKBB_23andme,13:71291945,chr13:71866076-71866078,-0.1887
B1_ALL_leave_UKBB_23andme,16:3097673,chr16:3147673-3147675,0.2774
B1_ALL_leave_UKBB_23andme,16:3113137,chr16:3163137-3163139,0.24456
B1_ALL_leave_UKBB_23andme,18:71142674,chr18:68809909-68809911,0.68774
B1_ALL_leave_UKBB_23andme,21:33230944,chr21:34603248-34603250,0.17583
